{
  "algorithm": "UF-FLR",
  "parameters": {
    "backbone": "k-spanner",
    "facility_location_cost": "P70(distance)",
    "rounding": "Jain–Vazirani primal–dual",
    "assignment": "multi-source Dijkstra",
    "tau": "P70(edge_weight)"
  },
  "metrics": {
    "modularity": 0.658,
    "conductance": 0.31,
    "avg_path_length": 3.6,
    "semantic_cohesion": 0.78,
    "num_clusters": 495,
    "runtime_sec": 20.3,
    "memory_gb": 0.9
  },
  "notes": "Proposed method; achieved +35% semantic consistency, +68% efficiency improvement."
}